﻿<?xml version="1.0" encoding="utf-8" ?>
<!-- Do not edit this file manually. If you really must, ONLY edit the Name tags -->
<ZiPhoneConfig>
  <Languages>
    <Language>
      <Name>Choose language:</Name>
      <Identifier>en</Identifier>
    </Language>
    <Language>
      <Name>English</Name>
      <Identifier>en</Identifier>
    </Language>
    <Language>
      <Name>Norsk</Name>
      <Identifier>no</Identifier>
    </Language>
  </Languages>
  <Themes>
    <Theme>
      <Name>Change Theme:</Name>
      <Style>Office2007Silver</Style>
    </Theme>
	<Theme>
      <Name>Silver</Name>
      <Style>Office2007Silver</Style>
    </Theme>
	<Theme>
      <Name>Blue</Name>
      <Style>Office2007Blue</Style>
    </Theme>
	<Theme>
      <Name>Black</Name>
      <Style>Office2007Black</Style>
    </Theme>
	<Theme>
      <Name>Grey</Name>
      <Style>ProfessionalSystem</Style>
    </Theme>
	<Theme>
      <Name>BlueGrey</Name>
      <Style>ProfessionalOffice2003</Style>
    </Theme>
  </Themes>
</ZiPhoneConfig>